{
  "qwen_zeroshot": {
    "kendall_tau": {
      "p_value": 0.1598140016148727,
      "mean_diff": 0.12724988340296267,
      "ft_mean": 0.6898556116796606,
      "bl_mean": 0.5626057282766979,
      "significant": false,
      "bootstrap": {
        "ci_low": -0.11696155440613334,
        "ci_high": 0.37318505610234615,
        "significant": false
      },
      "permutation": {
        "p_value": 0.1533
      }
    },
    "spearman_rho": {
      "p_value": 0.15979678846304723,
      "mean_diff": 0.112142574330825,
      "ft_mean": 0.6903714411559869,
      "bl_mean": 0.5782288668251618,
      "significant": false,
      "bootstrap": {
        "ci_low": -0.12862579386826367,
        "ci_high": 0.3593060779607774,
        "significant": false
      },
      "permutation": {
        "p_value": 0.1787
      }
    },
    "agreement": {
      "p_value": 0.12713834710394767,
      "mean_diff": 0.07421875,
      "ft_mean": 0.81640625,
      "bl_mean": 0.7421875,
      "significant": false,
      "bootstrap": {
        "ci_low": -0.05208333333333333,
        "ci_high": 0.20052083333333334,
        "significant": false
      },
      "permutation": {
        "p_value": 0.1279
      }
    },
    "norm_ranking_loss": {
      "p_value": 0.18565732366206233,
      "mean_diff": -0.04677895223888823,
      "ft_mean": 0.14178335462416403,
      "bl_mean": 0.18856230686305223,
      "significant": false,
      "bootstrap": {
        "ci_low": -0.13833184769369755,
        "ci_high": 0.044423953199701306,
        "significant": false
      },
      "permutation": {
        "p_value": 0.1589
      }
    },
    "top_accuracy": {
      "p_value": 0.38331031799316406
    }
  },
  "qwen_fewshot": {
    "kendall_tau": {
      "p_value": 0.132035211568042,
      "mean_diff": 0.13116277431536424,
      "ft_mean": 0.6691381281010648,
      "bl_mean": 0.5379753537857004,
      "significant": false,
      "bootstrap": {
        "ci_low": -0.10981117549185973,
        "ci_high": 0.37217090942499587,
        "significant": false
      },
      "permutation": {
        "p_value": 0.1533
      }
    },
    "spearman_rho": {
      "p_value": 0.12593266597680486,
      "mean_diff": 0.14127453819997907,
      "ft_mean": 0.6800618399013633,
      "bl_mean": 0.5387873017013841,
      "significant": false,
      "bootstrap": {
        "ci_low": -0.10899543073205017,
        "ci_high": 0.38227793105800567,
        "significant": false
      },
      "permutation": {
        "p_value": 0.1308
      }
    },
    "agreement": {
      "p_value": 0.21264875014866497,
      "mean_diff": 0.03961748633879782,
      "ft_mean": 0.7937158469945356,
      "bl_mean": 0.7540983606557377,
      "significant": false,
      "bootstrap": {
        "ci_low": -0.09289617486338798,
        "ci_high": 0.1721311475409836,
        "significant": false
      },
      "permutation": {
        "p_value": 0.2763
      }
    },
    "norm_ranking_loss": {
      "p_value": 0.2569786539300019,
      "mean_diff": -0.03560855922240223,
      "ft_mean": 0.1525569875634564,
      "bl_mean": 0.18816554678585867,
      "significant": false,
      "bootstrap": {
        "ci_low": -0.1347150231044802,
        "ci_high": 0.06172283964720866,
        "significant": false
      },
      "permutation": {
        "p_value": 0.2413
      }
    },
    "top_accuracy": {
      "p_value": 0.8145294189453125
    }
  },
  "pixtral_zeroshot": {
    "kendall_tau": {
      "p_value": 0.2920850551377827,
      "mean_diff": 0.05532501179949196,
      "ft_mean": 0.6618357487922706,
      "bl_mean": 0.6065107369927787,
      "significant": false,
      "bootstrap": {
        "ci_low": -0.16471229524159578,
        "ci_high": 0.28019323671497587,
        "significant": false
      },
      "permutation": {
        "p_value": 0.3127
      }
    },
    "spearman_rho": {
      "p_value": 0.26895512324182747,
      "mean_diff": 0.06361132593220445,
      "ft_mean": 0.6738346484733486,
      "bl_mean": 0.6102233225411441,
      "significant": false,
      "bootstrap": {
        "ci_low": -0.15773974922826245,
        "ci_high": 0.292832018193318,
        "significant": false
      },
      "permutation": {
        "p_value": 0.2994
      }
    },
    "agreement": {
      "p_value": 0.5471780303786458,
      "mean_diff": -0.009661835748792272,
      "ft_mean": 0.7717391304347826,
      "bl_mean": 0.7814009661835748,
      "significant": false,
      "bootstrap": {
        "ci_low": -0.13405797101449277,
        "ci_high": 0.1111111111111111,
        "significant": false
      },
      "permutation": {
        "p_value": 0.5656
      }
    },
    "norm_ranking_loss": {
      "p_value": 0.6491951507260777,
      "mean_diff": 0.0005477344990601075,
      "ft_mean": 0.17183902706191723,
      "bl_mean": 0.17129129256285708,
      "significant": false,
      "bootstrap": {
        "ci_low": -0.09680535599839481,
        "ci_high": 0.0955561737251791,
        "significant": false
      },
      "permutation": {
        "p_value": 0.4983
      }
    },
    "top_accuracy": {
      "p_value": 1.0
    }
  },
  "pixtral_fewshot": {
    "kendall_tau": {
      "p_value": 0.29327147344878546,
      "mean_diff": 0.06157087275994344,
      "ft_mean": 0.6785134175965934,
      "bl_mean": 0.61694254483665,
      "significant": false,
      "bootstrap": {
        "ci_low": -0.17486852819898352,
        "ci_high": 0.2917622977669437,
        "significant": false
      },
      "permutation": {
        "p_value": 0.2992
      }
    },
    "spearman_rho": {
      "p_value": 0.2584731999397969,
      "mean_diff": 0.06848657020631883,
      "ft_mean": 0.6881706120867125,
      "bl_mean": 0.6196840418803936,
      "significant": false,
      "bootstrap": {
        "ci_low": -0.1593982744321466,
        "ci_high": 0.298304954362492,
        "significant": false
      },
      "permutation": {
        "p_value": 0.2822
      }
    },
    "agreement": {
      "p_value": 0.31449841223726355,
      "mean_diff": 0.007246376811594192,
      "ft_mean": 0.7934782608695652,
      "bl_mean": 0.786231884057971,
      "significant": false,
      "bootstrap": {
        "ci_low": -0.12560386473429952,
        "ci_high": 0.1365036231884054,
        "significant": false
      },
      "permutation": {
        "p_value": 0.4562
      }
    },
    "norm_ranking_loss": {
      "p_value": 0.5368764367913396,
      "mean_diff": -0.0021379313774202596,
      "ft_mean": 0.1571290094045343,
      "bl_mean": 0.15926694078195455,
      "significant": false,
      "bootstrap": {
        "ci_low": -0.10470301483099442,
        "ci_high": 0.09876876622140682,
        "significant": false
      },
      "permutation": {
        "p_value": 0.4822
      }
    },
    "top_accuracy": {
      "p_value": 1.0
    }
  },
  "musiq": {
    "kendall_tau": {
      "p_value": 0.001009099235212758,
      "mean_diff": 0.399325467773949,
      "ft_mean": 0.6712328767123288,
      "bl_mean": 0.2719074089383798,
      "significant": true,
      "bootstrap": {
        "ci_low": 0.1643835616438356,
        "ci_high": 0.634703196347032,
        "significant": true
      },
      "permutation": {
        "p_value": 0.0008
      }
    },
    "spearman_rho": {
      "p_value": 0.001112459473036092,
      "mean_diff": 0.40655291751567413,
      "ft_mean": 0.6848574074611103,
      "bl_mean": 0.2783044899454361,
      "significant": true,
      "bootstrap": {
        "ci_low": 0.16956476366110607,
        "ci_high": 0.6434002825326531,
        "significant": true
      },
      "permutation": {
        "p_value": 0.0009
      }
    },
    "agreement": {
      "p_value": 0.0021045646210379166,
      "mean_diff": 0.1917808219178082,
      "ft_mean": 0.7751141552511415,
      "bl_mean": 0.5833333333333333,
      "significant": true,
      "bootstrap": {
        "ci_low": 0.0639269406392694,
        "ci_high": 0.317351598173516,
        "significant": true
      },
      "permutation": {
        "p_value": 0.0029
      }
    },