{
  "qwen_zeroshot": {
    "n": 64,
    "kendall_tau": {
      "stat": 156.0,
      "p_value": 0.1598140016148727,
      "ft_mean": 0.6898556116796606,
      "bl_mean": 0.5626057282766979,
      "mean_diff": 0.12724988340296273,
      "direction": "finetuned better",
      "significant": false,
      "n": 64,
      "bootstrap": {
        "mean_diff": 0.12724988340296267,
        "ci_low": -0.10888733215841814,
        "ci_high": 0.37204155006962936,
        "significant": false
      },
      "permutation": {
        "observed_diff": 0.12724988340296267,
        "p_value": 0.1666,
        "significant": false
      }
    },
    "spearman_rho": {
      "stat": 156.0,
      "p_value": 0.15979678846304723,
      "ft_mean": 0.6903714411559869,
      "bl_mean": 0.5782288668251618,
      "mean_diff": 0.11214257433082508,
      "direction": "finetuned better",
      "significant": false,
      "n": 64,
      "bootstrap": {
        "mean_diff": 0.112142574330825,
        "ci_low": -0.12795440532834396,
        "ci_high": 0.3634927840925136,
        "significant": false
      },
      "permutation": {
        "observed_diff": 0.112142574330825,
        "p_value": 0.1824,
        "significant": false
      }
    },
    "agreement": {
      "stat": 160.0,
      "p_value": 0.12713834710394767,
      "ft_mean": 0.81640625,
      "bl_mean": 0.7421875,
      "mean_diff": 0.07421875,
      "direction": "finetuned better",
      "significant": false,
      "n": 64,
      "bootstrap": {
        "mean_diff": 0.07421875,
        "ci_low": -0.05078124999999999,
        "ci_high": 0.19791666666666669,
        "significant": false
      },
      "permutation": {
        "observed_diff": 0.07421875,
        "p_value": 0.133,
        "significant": false
      }
    },
    "norm_ranking_loss": {
      "stat": 100.0,
      "p_value": 0.18565732366206233,
      "ft_mean": 0.14178335462416403,
      "bl_mean": 0.18856230686305223,
      "mean_diff": -0.0467789522388882,
      "direction": "finetuned better",
      "significant": false,
      "n": 64,
      "bootstrap": {
        "mean_diff": -0.04677895223888823,
        "ci_low": -0.13895422946108069,
        "ci_high": 0.04424870088197956,
        "significant": false
      },
      "permutation": {
        "observed_diff": -0.04677895223888823,
        "p_value": 0.1567,
        "significant": false
      }
    },
    "top_accuracy_mcnemar": {
      "ft_top_acc": 0.828125,
      "bl_top_acc": 0.75,
      "both_right": 40,
      "ft_only": 13,
      "bl_only": 8,
      "both_wrong": 3,
      "p_value": 0.38331031799316406,
      "significant": false,
      "direction": "finetuned better",
      "exact_test": true,
      "discordant_pairs": 21,
      "n": 64
    }
  },
  "qwen_fewshot": {
    "n": 61,
    "kendall_tau": {
      "stat": 188.5,
      "p_value": 0.132035211568042,
      "ft_mean": 0.6691381281010648,
      "bl_mean": 0.5379753537857004,
      "mean_diff": 0.13116277431536438,
      "direction": "finetuned better",
      "significant": false,
      "n": 61,
      "bootstrap": {
        "mean_diff": 0.13116277431536424,
        "ci_low": -0.11117896842147908,
        "ci_high": 0.37651238899059025,
        "significant": false
      },
      "permutation": {
        "observed_diff": 0.13116277431536424,
        "p_value": 0.1421,
        "significant": false
      }
    },
    "spearman_rho": {
      "stat": 189.5,
      "p_value": 0.12593266597680486,
      "ft_mean": 0.6800618399013633,
      "bl_mean": 0.5387873017013841,
      "mean_diff": 0.14127453819997915,
      "direction": "finetuned better",
      "significant": false,
      "n": 61,
      "bootstrap": {
        "mean_diff": 0.14127453819997907,
        "ci_low": -0.09614672148127086,
        "ci_high": 0.38717617754424133,
        "significant": false
      },
      "permutation": {
        "observed_diff": 0.14127453819997907,
        "p_value": 0.1402,
        "significant": false
      }
    },
    "agreement": {
      "stat": 163.5,
      "p_value": 0.21264875014866497,
      "ft_mean": 0.7937158469945356,
      "bl_mean": 0.7540983606557377,
      "mean_diff": 0.039617486338797914,
      "direction": "finetuned better",
      "significant": false,
      "n": 61,
      "bootstrap": {
        "mean_diff": 0.03961748633879782,
        "ci_low": -0.09016393442622951,
        "ci_high": 0.1721311475409836,
        "significant": false
      },
      "permutation": {
        "observed_diff": 0.03961748633879782,
        "p_value": 0.284,
        "significant": false
      }
    },
    "norm_ranking_loss": {
      "stat": 127.5,
      "p_value": 0.2569786539300019,
      "ft_mean": 0.1525569875634564,
      "bl_mean": 0.18816554678585867,
      "mean_diff": -0.035608559222402275,
      "direction": "finetuned better",
      "significant": false,
      "n": 61,
      "bootstrap": {
        "mean_diff": -0.03560855922240223,
        "ci_low": -0.13325063246433785,
        "ci_high": 0.0644610443532105,
        "significant": false
      },
      "permutation": {
        "observed_diff": -0.03560855922240223,
        "p_value": 0.2361,
        "significant": false
      }
    },
    "top_accuracy_mcnemar": {
      "ft_top_acc": 0.8032786885245902,
      "bl_top_acc": 0.7704918032786885,
      "both_right": 39,
      "ft_only": 10,
      "bl_only": 8,
      "both_wrong": 4,
      "p_value": 0.8145294189453125,
      "significant": false,
      "direction": "finetuned better",
      "exact_test": true,
      "discordant_pairs": 18,
      "n": 61
    }
  },
  "pixtral_zeroshot": {
    "n": 69,
    "kendall_tau": {
      "stat": 182.5,
      "p_value": 0.2920850551377827,
      "ft_mean": 0.6618357487922706,
      "bl_mean": 0.6065107369927787,
      "mean_diff": 0.0553250117994919,
      "direction": "finetuned better",
      "significant": false,
      "n": 69,
      "bootstrap": {
        "mean_diff": 0.05532501179949196,
        "ci_low": -0.1721892158092536,
        "ci_high": 0.28237815189611026,
        "significant": false
      },
      "permutation": {
        "observed_diff": 0.05532501179949196,
        "p_value": 0.3182,
        "significant": false
      }
    },
    "spearman_rho": {
      "stat": 185.0,
      "p_value": 0.26895512324182747,
      "ft_mean": 0.6738346484733486,
      "bl_mean": 0.6102233225411441,
      "mean_diff": 0.06361132593220453,
      "direction": "finetuned better",
      "significant": false,
      "n": 69,
      "bootstrap": {
        "mean_diff": 0.06361132593220445,
        "ci_low": -0.1610263552272158,
        "ci_high": 0.29350714288212815,
        "significant": false
      },
      "permutation": {
        "observed_diff": 0.06361132593220445,
        "p_value": 0.2975,
        "significant": false
      }
    },
    "agreement": {
      "stat": 146.0,
      "p_value": 0.5471780303786458,
      "ft_mean": 0.7717391304347826,
      "bl_mean": 0.7814009661835748,
      "mean_diff": -0.009661835748792202,
      "direction": "baseline better",
      "significant": false,
      "n": 69,
      "bootstrap": {
        "mean_diff": -0.009661835748792272,
        "ci_low": -0.13043478260869565,
        "ci_high": 0.11473429951690821,
        "significant": false
      },
      "permutation": {
        "observed_diff": -0.009661835748792272,
        "p_value": 0.5615,
        "significant": false
      }
    },
    "norm_ranking_loss": {
      "stat": 176.5,
      "p_value": 0.6491951507260777,
      "ft_mean": 0.17183902706191723,
      "bl_mean": 0.17129129256285708,
      "mean_diff": 0.0005477344990601485,
      "direction": "baseline better",
      "significant": false,
      "n": 69,
      "bootstrap": {
        "mean_diff": 0.0005477344990601075,
        "ci_low": -0.09203862681066333,
        "ci_high": 0.09774133425110158,
        "significant": false
      },
      "permutation": {
        "observed_diff": 0.0005477344990601075,
        "p_value": 0.5092,
        "significant": false
      }
    },