{
  "n2": {
    "finetuned": {
      "kendall_tau": {
        "mean": 0.7407407407407407,
        "std": 0.6717910054524835,
        "n": 54
      },
      "spearman_rho": {
        "mean": 0.7407407407407406,
        "std": 0.6717910054524835,
        "n": 54
      },
      "agreement": {
        "mean": 0.8703703703703703,
        "std": 0.33589550272624175,
        "n": 54
      },
      "top_accuracy": {
        "mean": 0.8703703703703703,
        "std": 0.33589550272624175,
        "n": 54
      }
    },
    "qwen_zeroshot": {
      "kendall_tau": {
        "mean": 0.5471698113207547,
        "std": 0.8370216231252391,
        "n": 53
      },
      "spearman_rho": {
        "mean": 0.5471698113207546,
        "std": 0.8370216231252389,
        "n": 53
      },
      "agreement": {
        "mean": 0.7735849056603774,
        "std": 0.4185108115626195,
        "n": 53
      },
      "top_accuracy": {
        "mean": 0.7735849056603774,
        "std": 0.4185108115626195,
        "n": 53
      }
    },
    "qwen_fewshot": {
      "kendall_tau": {
        "mean": 0.5,
        "std": 0.8416254115301732,
        "n": 48
      },
      "spearman_rho": {
        "mean": 0.49999999999999994,
        "std": 0.841625411530173,
        "n": 48
      },
      "agreement": {
        "mean": 0.75,
        "std": 0.4208127057650866,
        "n": 48
      },
      "top_accuracy": {
        "mean": 0.75,
        "std": 0.4330127018922193,
        "n": 48
      }
    },
    "pixtral_zeroshot": {
      "kendall_tau": {
        "mean": 0.6078431372549019,
        "std": 0.7940571267182975,
        "n": 51
      },
      "spearman_rho": {
        "mean": 0.6078431372549019,
        "std": 0.7940571267182975,
        "n": 51
      },
      "agreement": {
        "mean": 0.803921568627451,
        "std": 0.39702856335914877,
        "n": 51
      },
      "top_accuracy": {
        "mean": 0.803921568627451,
        "std": 0.39702856335914877,
        "n": 51
      }
    },
    "pixtral_fewshot": {
      "kendall_tau": {
        "mean": 0.5849056603773585,
        "std": 0.8111013305737613,
        "n": 53
      },
      "spearman_rho": {
        "mean": 0.5849056603773584,
        "std": 0.8111013305737612,
        "n": 53
      },
      "agreement": {
        "mean": 0.7924528301886793,
        "std": 0.40555066528688066,
        "n": 53
      },
      "top_accuracy": {
        "mean": 0.7924528301886793,
        "std": 0.40555066528688066,
        "n": 53
      }
    }
  },
  "n3": {
    "finetuned": {
      "kendall_tau": {
        "mean": 0.5476190476190477,
        "std": 0.429232294698094,
        "n": 14
      },
      "spearman_rho": {
        "mean": 0.6071428571428571,
        "std": 0.43005694924258203,
        "n": 14
      },
      "agreement": {
        "mean": 0.5952380952380951,
        "std": 0.360303475010037,
        "n": 14
      },
      "top_accuracy": {
        "mean": 0.7142857142857143,
        "std": 0.45175395145262565,
        "n": 14
      }
    },
    "qwen_zeroshot": {
      "kendall_tau": {
        "mean": 0.5888510920580132,
        "std": 0.29215262588959223,
        "n": 9
      },
      "spearman_rho": {
        "mean": 0.6924500897298753,
        "std": 0.21975133904225816,
        "n": 9
      },
      "agreement": {
        "mean": 0.5555555555555555,
        "std": 0.2721655269759087,
        "n": 9
      },
      "top_accuracy": {
        "mean": 0.5555555555555556,
        "std": 0.4969039949999533,
        "n": 9
      }
    },
    "qwen_fewshot": {
      "kendall_tau": {
        "mean": 0.6196815073570661,
        "std": 0.6028843810503155,
        "n": 11
      },
      "spearman_rho": {
        "mean": 0.6241841276167672,
        "std": 0.6370625717194826,
        "n": 11
      },
      "agreement": {
        "mean": 0.7272727272727272,
        "std": 0.34283965148438666,
        "n": 11
      },
      "top_accuracy": {
        "mean": 0.8181818181818182,
        "std": 0.385694607919935,
        "n": 11
      }
    },
    "pixtral_zeroshot": {
      "kendall_tau": {
        "mean": 0.5128205128205129,
        "std": 0.6217618283580586,
        "n": 13
      },
      "spearman_rho": {
        "mean": 0.5384615384615384,
        "std": 0.6343239424027171,
        "n": 13
      },
      "agreement": {
        "mean": 0.6666666666666666,
        "std": 0.36980013081681945,
        "n": 13
      },
      "top_accuracy": {
        "mean": 0.7692307692307693,
        "std": 0.4213250442347432,
        "n": 13
      }
    },
    "pixtral_fewshot": {
      "kendall_tau": {
        "mean": 0.717948717948718,
        "std": 0.5366269111911883,
        "n": 13
      },
      "spearman_rho": {
        "mean": 0.730769230769231,
        "std": 0.541201818441165,
        "n": 13
      },
      "agreement": {
        "mean": 0.769230769230769,
        "std": 0.3785852066726513,
        "n": 13
      },
      "top_accuracy": {
        "mean": 0.8461538461538461,
        "std": 0.36080121229410994,
        "n": 13
      }
    }
  },
  "n4": {
    "finetuned": {
      "kendall_tau": {
        "mean": 0.2666666666666667,
        "std": 0.34641016151377557,
        "n": 5
      },
      "spearman_rho": {
        "mean": 0.29891814893221075,
        "std": 0.44219546484312744,
        "n": 5
      },
      "agreement": {
        "mean": 0.25,
        "std": 0.22360679774997896,
        "n": 5
      },
      "top_accuracy": {
        "mean": 0.2,
        "std": 0.4,
        "n": 5
      }
    },
    "qwen_zeroshot": {
      "kendall_tau": {
        "mean": 0.8535533905932738,
        "std": 0.14644660940672616,
        "n": 2
      },
      "spearman_rho": {
        "mean": 0.8872983346207417,
        "std": 0.1127016653792583,
        "n": 2
      },
      "agreement": {
        "mean": 0.75,
        "std": 0.25,
        "n": 2
      },
      "top_accuracy": {
        "mean": 1.0,
        "std": 0.0,
        "n": 2
      }
    },
    "qwen_fewshot": {
      "kendall_tau": {
        "mean": 1.0,
        "std": 0.0,
        "n": 2
      },
      "spearman_rho": {
        "mean": 1.0,
        "std": 0.0,
        "n": 2
      },
      "agreement": {
        "mean": 1.0,
        "std": 0.0,
        "n": 2
      },
      "top_accuracy": {
        "mean": 1.0,
        "std": 0.0,
        "n": 2
      }
    },
    "pixtral_zeroshot": {
      "kendall_tau": {
        "mean": 0.8365148371670111,
        "std": 0.32697032566597783,
        "n": 5
      },
      "spearman_rho": {
        "mean": 0.8210818510677893,
        "std": 0.35783629786442167,
        "n": 5
      },
      "agreement": {
        "mean": 0.85,
        "std": 0.30000000000000004,
        "n": 5
      },
      "top_accuracy": {
        "mean": 1.0,
        "std": 0.0,
        "n": 5
      }
    },
    "pixtral_fewshot": {
      "kendall_tau": {
        "mean": 0.7452340867985052,
        "std": 0.3602934096799205,
        "n": 3
      },
      "spearman_rho": {
        "mean": 0.7527329632490537,
        "std": 0.3496883969009948,
        "n": 3
      },
      "agreement": {
        "mean": 0.75,
        "std": 0.3535533905932738,
        "n": 3
      },
      "top_accuracy": {
        "mean": 1.0,
        "std": 0.0,
        "n": 3
      }
    }
  }
}