model,spearman,kendall,n
Your Fine-tuned Model,0.4472852847565348,0.4150795520592053,13
Qwen Zero-shot,0.3969114003440399,0.3772572649328236,11
Qwen Few-shot,0.5528312163512967,0.5708475071449117,12
Pixtral Zero-shot,0.8221687836487032,0.8180413817439772,12
Pixtral Few-shot,0.8221687836487032,0.8180413817439772,12
