model,spearman,kendall,n
Your Fine-tuned Model,0.2388354503153699,0.20693027063286606,12
Qwen Zero-shot,0.42075317547305485,0.3937287392826324,8
Qwen Few-shot,0.9999999999999999,1.0,4
Pixtral Zero-shot,0.6443375672974064,0.6360827634879543,6
Pixtral Few-shot,0.7332531754730548,0.7270620726159658,8
