{
  "musiq": {
    "top_accuracy": 0.6164383561643836,
    "agreement": 0.5833333333333333,
    "kendall_tau": 0.2719074089383798,
    "spearman_rho": 0.2783044899454361,
    "norm_ranking_loss": 0.3224246106511812,
    "n": 73,
    "per_sample": {
      "toaster/group_ae5c79b2": {
        "kendall_tau": -1.0,
        "spearman_rho": -0.9999999999999999,
        "agreement": 0.0,
        "top_accuracy": 0,
        "norm_ranking_loss": 0.7071067811865476
      },
      "handbag/group_f2040929": {
        "kendall_tau": -0.6666666666666669,
        "spearman_rho": -0.7999999999999999,
        "agreement": 0.0,
        "top_accuracy": 0,
        "norm_ranking_loss": 1.0606601717798212
      },
      "refrigerator/group_572754": {
        "kendall_tau": -1.0,
        "spearman_rho": -0.9999999999999999,
        "agreement": 0.0,
        "top_accuracy": 0,
        "norm_ranking_loss": 0.7071067811865476
      },
      "microwave/group_414948": {
        "kendall_tau": 1.0,
        "spearman_rho": 0.9999999999999999,
        "agreement": 1.0,
        "top_accuracy": 1,
        "norm_ranking_loss": 0.0
      },
      "suitcase/group_000000018862": {
        "kendall_tau": 0.18257418583505539,
        "spearman_rho": 0.316227766016838,
        "agreement": 0.5,
        "top_accuracy": 1,
        "norm_ranking_loss": 0.5590169943749475
      },
      "refrigerator/group_4837ae80": {
        "kendall_tau": 1.0,
        "spearman_rho": 0.9999999999999999,
        "agreement": 1.0,
        "top_accuracy": 1,
        "norm_ranking_loss": 0.0
      },
      "tv/group_533942": {
        "kendall_tau": 1.0,
        "spearman_rho": 0.9999999999999999,
        "agreement": 1.0,
        "top_accuracy": 1,
        "norm_ranking_loss": 0.0
      },
      "tv/group_303116": {
        "kendall_tau": 1.0,
        "spearman_rho": 0.9999999999999999,
        "agreement": 1.0,
        "top_accuracy": 1,
        "norm_ranking_loss": 0.0
      },
      "remote/group_187427": {
        "kendall_tau": 1.0,
        "spearman_rho": 0.9999999999999999,
        "agreement": 1.0,
        "top_accuracy": 1,
        "norm_ranking_loss": 0.0
      },
      "couch/group_144228": {
        "kendall_tau": -1.0,
        "spearman_rho": -0.9999999999999999,
        "agreement": 0.0,
        "top_accuracy": 0,
        "norm_ranking_loss": 0.7071067811865476
      },
      "remote/group_432727": {
        "kendall_tau": -0.33333333333333337,
        "spearman_rho": -0.5,
        "agreement": 0.0,
        "top_accuracy": 0,
        "norm_ranking_loss": 0.8164965809277259
      },
      "refrigerator/group_87126": {
        "kendall_tau": -1.0,
        "spearman_rho": -0.9999999999999999,
        "agreement": 0.0,
        "top_accuracy": 0,
        "norm_ranking_loss": 0.7071067811865476
      },
      "remote/group_242665": {
        "kendall_tau": -1.0,
        "spearman_rho": -0.9999999999999999,
        "agreement": 0.0,
        "top_accuracy": 0,
        "norm_ranking_loss": 0.7071067811865476
      },
      "refrigerator/group_469779": {
        "kendall_tau": -0.33333333333333337,
        "spearman_rho": -0.5,
        "agreement": 0.0,
        "top_accuracy": 0,
        "norm_ranking_loss": 0.8164965809277259
      },
      "backpack/group_231632": {
        "kendall_tau": 0.33333333333333337,
        "spearman_rho": 0.5,
        "agreement": 0.3333333333333333,
        "top_accuracy": 1,
        "norm_ranking_loss": 0.47140452079103173
      },
      "couch/group_441523": {
        "kendall_tau": 1.0,
        "spearman_rho": 1.0,
        "agreement": 1.0,
        "top_accuracy": 1,
        "norm_ranking_loss": 0.0
      },
      "backpack/group_266866": {
        "kendall_tau": 1.0,
        "spearman_rho": 0.9999999999999999,
        "agreement": 1.0,
        "top_accuracy": 1,
        "norm_ranking_loss": 0.0
      },
      "refrigerator/group_d06c982b": {
        "kendall_tau": 1.0,
        "spearman_rho": 0.9999999999999999,
        "agreement": 1.0,
        "top_accuracy": 1,
        "norm_ranking_loss": 0.0
      },
      "chair/group_f188573c": {
        "kendall_tau": -0.3333333333333334,
        "spearman_rho": -0.39999999999999997,
        "agreement": 0.25,
        "top_accuracy": 0,
        "norm_ranking_loss": 0.9354143466934853
      },
      "refrigerator/group_139921": {
        "kendall_tau": 1.0,
        "spearman_rho": 1.0,
        "agreement": 1.0,
        "top_accuracy": 1,
        "norm_ranking_loss": 0.0
      },
      "remote/group_457687": {
        "kendall_tau": -1.0,
        "spearman_rho": -0.9999999999999999,
        "agreement": 0.0,
        "top_accuracy": 0,
        "norm_ranking_loss": 0.7071067811865476
      },
      "handbag/group_352549": {
        "kendall_tau": 1.0,
        "spearman_rho": 0.9999999999999999,
        "agreement": 1.0,
        "top_accuracy": 1,
        "norm_ranking_loss": 0.0
      },
      "tv/group_249538": {
        "kendall_tau": 1.0,
        "spearman_rho": 0.9999999999999999,
        "agreement": 1.0,
        "top_accuracy": 1,
        "norm_ranking_loss": 0.0
      },
      "backpack/group_9e71b06a": {
        "kendall_tau": 1.0,
        "spearman_rho": 0.9999999999999999,
        "agreement": 1.0,
        "top_accuracy": 1,
        "norm_ranking_loss": 0.0
      },
      "backpack/group_ee66a0ab": {
        "kendall_tau": -1.0,
        "spearman_rho": -0.9999999999999999,
        "agreement": 0.0,
        "top_accuracy": 0,
        "norm_ranking_loss": 0.7071067811865476
      },
      "backpack/group_7bec740c": {
        "kendall_tau": 1.0,
        "spearman_rho": 0.9999999999999999,
        "agreement": 1.0,
        "top_accuracy": 1,
        "norm_ranking_loss": 0.0
      },
      "couch/group_130163": {
        "kendall_tau": -1.0,
        "spearman_rho": -0.9999999999999999,
        "agreement": 0.0,
        "top_accuracy": 0,
        "norm_ranking_loss": 0.7071067811865476
      },
      "tv/group_249968": {
        "kendall_tau": 1.0,
        "spearman_rho": 1.0,
        "agreement": 1.0,
        "top_accuracy": 1,
        "norm_ranking_loss": 0.0
      },
      "cell phone/group_544698": {
        "kendall_tau": 0.33333333333333337,
        "spearman_rho": 0.5,
        "agreement": 0.3333333333333333,
        "top_accuracy": 0,
        "norm_ranking_loss": 0.47140452079103173
      },
      "laptop/group_000000158582": {
        "kendall_tau": -0.33333333333333337,
        "spearman_rho": -0.5,
        "agreement": 0.0,
        "top_accuracy": 0,
        "norm_ranking_loss": 0.8164965809277259
      },
      "couch/group_373476": {
        "kendall_tau": 0.33333333333333337,
        "spearman_rho": 0.5,
        "agreement": 0.3333333333333333,
        "top_accuracy": 1,
        "norm_ranking_loss": 0.47140452079103173
      },
      "handbag/group_4e7d5270": {
        "kendall_tau": 1.0,
        "spearman_rho": 0.9999999999999999,
        "agreement": 1.0,
        "top_accuracy": 1,
        "norm_ranking_loss": 0.0
      },
      "toaster/group_419449": {
        "kendall_tau": -1.0,
        "spearman_rho": -0.9999999999999999,
        "agreement": 0.0,
        "top_accuracy": 0,
        "norm_ranking_loss": 0.7071067811865476
      },
      "remote/group_526933": {
        "kendall_tau": 1.0,
        "spearman_rho": 0.9999999999999999,
        "agreement": 1.0,
        "top_accuracy": 1,
        "norm_ranking_loss": 0.0
      },
      "remote/group_110951": {
        "kendall_tau": 1.0,
        "spearman_rho": 0.9999999999999999,
        "agreement": 1.0,
        "top_accuracy": 1,
        "norm_ranking_loss": 0.0
      },
      "couch/group_314188": {
        "kendall_tau": 1.0,
        "spearman_rho": 0.9999999999999999,
        "agreement": 1.0,
        "top_accuracy": 1,
        "norm_ranking_loss": 0.0
      },
      "cell phone/group_238009": {
        "kendall_tau": 1.0,
        "spearman_rho": 0.9999999999999999,
        "agreement": 1.0,
        "top_accuracy": 1,
        "norm_ranking_loss": 0.0
      },